region,quarter,revenue_musd,paid_memberships_m,paid_net_adds_m,arm_usd,arm_fx_neutral_yoy_pct,source_url
UCAN,2017Q1,1586.167,54.575,1.665,9.84,,https://www.sec.gov/Archives/edgar/data/1065280/000106528019000441/a2019regionalreporting.htm
UCAN,2017Q2,1624.397,55.617,1.042,9.83,,https://www.sec.gov/Archives/edgar/data/1065280/000106528019000441/a2019regionalreporting.htm
UCAN,2017Q3,1674.308,56.779,1.162,9.93,,https://www.sec.gov/Archives/edgar/data/1065280/000106528019000441/a2019regionalreporting.htm
UCAN,2017Q4,1775.987,58.422,1.643,10.28,,https://www.sec.gov/Archives/edgar/data/1065280/000106528019000441/a2019regionalreporting.htm
UCAN,2018Q1,1976.157,60.909,2.487,11.04,,https://www.sec.gov/Archives/edgar/data/1065280/000106528019000441/a2019regionalreporting.htm
UCAN,2018Q2,2049.546,61.87,0.961,11.13,,https://www.sec.gov/Archives/edgar/data/1065280/000106528019000441/a2019regionalreporting.htm
UCAN,2018Q3,2094.85,63.01,1.14,11.18,,https://www.sec.gov/Archives/edgar/data/1065280/000106528019000441/a2019regionalreporting.htm
UCAN,2018Q4,2160.979,64.757,1.747,11.28,,https://www.sec.gov/Archives/edgar/data/1065280/000106528019000441/a2019regionalreporting.htm
UCAN,2019Q1,2256.851,66.633,1.876,11.45,,https://www.sec.gov/Archives/edgar/data/1065280/000106528019000441/a2019regionalreporting.htm
UCAN,2019Q2,2501.199,66.501,-0.132,12.52,,https://www.sec.gov/Archives/edgar/data/1065280/000106528019000441/a2019regionalreporting.htm
UCAN,2019Q3,2621.25,67.114,0.613,13.08,,https://www.sec.gov/Archives/edgar/data/1065280/000106528019000441/a2019regionalreporting.htm
UCAN,2019Q4,2672,67.66,0.55,13.22,17,https://www.sec.gov/Archives/edgar/data/1065280/000106528021000037/ex991_q420.htm
UCAN,2020Q1,2703,69.97,2.31,13.09,14,https://www.sec.gov/Archives/edgar/data/1065280/000106528021000037/ex991_q420.htm
UCAN,2020Q2,2840,72.9,2.94,13.25,6,https://www.sec.gov/Archives/edgar/data/1065280/000106528021000037/ex991_q420.htm
UCAN,2020Q3,2933,73.08,0.18,13.4,3,https://www.sec.gov/Archives/edgar/data/1065280/000106528021000037/ex991_q420.htm
UCAN,2020Q4,2980,73.94,0.86,13.51,2,https://www.sec.gov/Archives/edgar/data/1065280/000106528021000037/ex991_q420.htm
UCAN,2021Q1,3171,74.38,0.45,14.25,9,https://www.sec.gov/Archives/edgar/data/1065280/000106528022000035/ex991_q421.htm
UCAN,2021Q2,3235,73.95,-0.43,14.54,9,https://www.sec.gov/Archives/edgar/data/1065280/000106528022000035/ex991_q421.htm
UCAN,2021Q3,3258,74.02,0.07,14.68,9,https://www.sec.gov/Archives/edgar/data/1065280/000106528022000035/ex991_q421.htm
UCAN,2021Q4,3309,75.22,1.19,14.78,9,https://www.sec.gov/Archives/edgar/data/1065280/000106528022000035/ex991_q421.htm
UCAN,2022Q1,3350,74.58,-0.64,14.91,5,https://www.sec.gov/Archives/edgar/data/1065280/000106528023000034/ex991_q422.htm
UCAN,2022Q2,3538,73.28,-1.3,15.95,10,https://www.sec.gov/Archives/edgar/data/1065280/000106528023000034/ex991_q422.htm
UCAN,2022Q3,3602,73.39,0.1,16.37,12,https://www.sec.gov/Archives/edgar/data/1065280/000106528023000034/ex991_q422.htm
UCAN,2022Q4,3595,74.3,0.91,16.23,10,https://www.sec.gov/Archives/edgar/data/1065280/000106528023000034/ex991_q422.htm
UCAN,2023Q1,3609,74.4,0.1,16.18,9,https://www.sec.gov/Archives/edgar/data/1065280/000106528024000029/ex991_q423.htm
UCAN,2023Q2,3599,75.57,1.17,16.0,1,https://www.sec.gov/Archives/edgar/data/1065280/000106528024000029/ex991_q423.htm
UCAN,2023Q3,3735,77.32,1.75,16.29,0,https://www.sec.gov/Archives/edgar/data/1065280/000106528024000029/ex991_q423.htm
UCAN,2023Q4,3931,80.13,2.81,16.64,3,https://www.sec.gov/Archives/edgar/data/1065280/000106528024000029/ex991_q423.htm
UCAN,2024Q1,4224,82.66,2.53,17.3,7,https://www.sec.gov/Archives/edgar/data/1065280/000106528025000033/ex991_q424.htm
UCAN,2024Q2,4296,84.11,1.45,17.17,7,https://www.sec.gov/Archives/edgar/data/1065280/000106528025000033/ex991_q424.htm
UCAN,2024Q3,4322,84.8,0.69,17.06,5,https://www.sec.gov/Archives/edgar/data/1065280/000106528025000033/ex991_q424.htm
UCAN,2024Q4,4517,89.63,4.82,17.26,4,https://www.sec.gov/Archives/edgar/data/1065280/000106528025000033/ex991_q424.htm
UCAN,2025Q1,4617,,,,,https://www.sec.gov/Archives/edgar/data/1065280/000106528026000033/ex991_q425.htm
UCAN,2025Q2,4929,,,,,https://www.sec.gov/Archives/edgar/data/1065280/000106528026000211/ex991_q226.htm
UCAN,2025Q3,5072,,,,,https://www.sec.gov/Archives/edgar/data/1065280/000106528026000211/ex991_q226.htm
UCAN,2025Q4,5339,,,,,https://www.sec.gov/Archives/edgar/data/1065280/000106528026000211/ex991_q226.htm
UCAN,2026Q1,5245,,,,,https://www.sec.gov/Archives/edgar/data/1065280/000106528026000211/ex991_q226.htm
UCAN,2026Q2,5432,,,,,https://www.sec.gov/Archives/edgar/data/1065280/000106528026000211/ex991_q226.htm
EMEA,2017Q1,482.282,19.699,1.868,8.57,,https://www.sec.gov/Archives/edgar/data/1065280/000106528019000441/a2019regionalreporting.htm
EMEA,2017Q2,533.098,21.152,1.453,8.7,,https://www.sec.gov/Archives/edgar/data/1065280/000106528019000441/a2019regionalreporting.htm
EMEA,2017Q3,614.707,23.135,1.983,9.25,,https://www.sec.gov/Archives/edgar/data/1065280/000106528019000441/a2019regionalreporting.htm
EMEA,2017Q4,732.726,26.004,2.869,9.94,,https://www.sec.gov/Archives/edgar/data/1065280/000106528019000441/a2019regionalreporting.htm
EMEA,2018Q1,886.649,29.339,3.335,10.68,,https://www.sec.gov/Archives/edgar/data/1065280/000106528019000441/a2019regionalreporting.htm
EMEA,2018Q2,975.497,31.317,1.978,10.72,,https://www.sec.gov/Archives/edgar/data/1065280/000106528019000441/a2019regionalreporting.htm
EMEA,2018Q3,1004.749,33.836,2.519,10.28,,https://www.sec.gov/Archives/edgar/data/1065280/000106528019000441/a2019regionalreporting.htm
EMEA,2018Q4,1096.812,37.818,3.982,10.2,,https://www.sec.gov/Archives/edgar/data/1065280/000106528019000441/a2019regionalreporting.htm
EMEA,2019Q1,1233.379,42.542,4.724,10.23,,https://www.sec.gov/Archives/edgar/data/1065280/000106528019000441/a2019regionalreporting.htm
EMEA,2019Q2,1319.087,44.229,1.687,10.13,,https://www.sec.gov/Archives/edgar/data/1065280/000106528019000441/a2019regionalreporting.htm
EMEA,2019Q3,1428.04,47.355,3.126,10.4,,https://www.sec.gov/Archives/edgar/data/1065280/000106528019000441/a2019regionalreporting.htm
EMEA,2019Q4,1563,51.78,4.42,10.51,7,https://www.sec.gov/Archives/edgar/data/1065280/000106528021000037/ex991_q420.htm
EMEA,2020Q1,1723,58.73,6.96,10.4,4,https://www.sec.gov/Archives/edgar/data/1065280/000106528021000037/ex991_q420.htm
EMEA,2020Q2,1893,61.48,2.75,10.5,8,https://www.sec.gov/Archives/edgar/data/1065280/000106528021000037/ex991_q420.htm
EMEA,2020Q3,2019,62.24,0.76,10.88,3,https://www.sec.gov/Archives/edgar/data/1065280/000106528021000037/ex991_q420.htm
EMEA,2020Q4,2137,66.7,4.46,11.05,0,https://www.sec.gov/Archives/edgar/data/1065280/000106528021000037/ex991_q420.htm
EMEA,2021Q1,2344,68.51,1.81,11.56,4,https://www.sec.gov/Archives/edgar/data/1065280/000106528022000035/ex991_q421.htm
EMEA,2021Q2,2400,68.7,0.19,11.66,2,https://www.sec.gov/Archives/edgar/data/1065280/000106528022000035/ex991_q421.htm
EMEA,2021Q3,2432,70.5,1.8,11.65,3,https://www.sec.gov/Archives/edgar/data/1065280/000106528022000035/ex991_q421.htm
EMEA,2021Q4,2523,74.04,3.54,11.64,6,https://www.sec.gov/Archives/edgar/data/1065280/000106528022000035/ex991_q421.htm
EMEA,2022Q1,2562,73.73,-0.3,11.56,6,https://www.sec.gov/Archives/edgar/data/1065280/000106528023000034/ex991_q422.htm
EMEA,2022Q2,2457,72.97,-0.77,11.17,6,https://www.sec.gov/Archives/edgar/data/1065280/000106528023000034/ex991_q422.htm
EMEA,2022Q3,2376,73.53,0.57,10.81,7,https://www.sec.gov/Archives/edgar/data/1065280/000106528023000034/ex991_q422.htm
EMEA,2022Q4,2350,76.73,3.2,10.43,5,https://www.sec.gov/Archives/edgar/data/1065280/000106528023000034/ex991_q422.htm
EMEA,2023Q1,2518,77.37,0.64,10.89,1,https://www.sec.gov/Archives/edgar/data/1065280/000106528024000029/ex991_q423.htm
EMEA,2023Q2,2562,79.81,2.43,10.87,-1,https://www.sec.gov/Archives/edgar/data/1065280/000106528024000029/ex991_q423.htm
EMEA,2023Q3,2693,83.76,3.95,10.98,-2,https://www.sec.gov/Archives/edgar/data/1065280/000106528024000029/ex991_q423.htm
EMEA,2023Q4,2784,88.81,5.05,10.75,-1,https://www.sec.gov/Archives/edgar/data/1065280/000106528024000029/ex991_q423.htm
EMEA,2024Q1,2958,91.73,2.92,10.92,0,https://www.sec.gov/Archives/edgar/data/1065280/000106528025000033/ex991_q424.htm
EMEA,2024Q2,3008,93.96,2.24,10.8,1,https://www.sec.gov/Archives/edgar/data/1065280/000106528025000033/ex991_q424.htm
EMEA,2024Q3,3133,96.13,2.17,10.99,1,https://www.sec.gov/Archives/edgar/data/1065280/000106528025000033/ex991_q424.htm
EMEA,2024Q4,3288,101.13,5.0,11.11,1,https://www.sec.gov/Archives/edgar/data/1065280/000106528025000033/ex991_q424.htm
EMEA,2025Q1,3405,,,,,https://www.sec.gov/Archives/edgar/data/1065280/000106528026000033/ex991_q425.htm
EMEA,2025Q2,3538,,,,,https://www.sec.gov/Archives/edgar/data/1065280/000106528026000211/ex991_q226.htm
EMEA,2025Q3,3699,,,,,https://www.sec.gov/Archives/edgar/data/1065280/000106528026000211/ex991_q226.htm
EMEA,2025Q4,3873,,,,,https://www.sec.gov/Archives/edgar/data/1065280/000106528026000211/ex991_q226.htm
EMEA,2026Q1,3998,,,,,https://www.sec.gov/Archives/edgar/data/1065280/000106528026000211/ex991_q226.htm
EMEA,2026Q2,4034,,,,,https://www.sec.gov/Archives/edgar/data/1065280/000106528026000211/ex991_q226.htm
LATAM,2017Q1,331.453,15.425,1.217,7.46,,https://www.sec.gov/Archives/edgar/data/1065280/000106528019000441/a2019regionalreporting.htm
LATAM,2017Q2,381.459,17.013,1.588,7.84,,https://www.sec.gov/Archives/edgar/data/1065280/000106528019000441/a2019regionalreporting.htm
LATAM,2017Q3,434.637,18.267,1.254,8.21,,https://www.sec.gov/Archives/edgar/data/1065280/000106528019000441/a2019regionalreporting.htm
LATAM,2017Q4,495.067,19.717,1.45,8.69,,https://www.sec.gov/Archives/edgar/data/1065280/000106528019000441/a2019regionalreporting.htm
LATAM,2018Q1,540.182,21.26,1.543,8.79,,https://www.sec.gov/Archives/edgar/data/1065280/000106528019000441/a2019regionalreporting.htm
LATAM,2018Q2,568.071,22.795,1.535,8.6,,https://www.sec.gov/Archives/edgar/data/1065280/000106528019000441/a2019regionalreporting.htm
LATAM,2018Q3,562.307,24.115,1.32,7.99,,https://www.sec.gov/Archives/edgar/data/1065280/000106528019000441/a2019regionalreporting.htm
LATAM,2018Q4,567.137,26.077,1.962,7.53,,https://www.sec.gov/Archives/edgar/data/1065280/000106528019000441/a2019regionalreporting.htm
LATAM,2019Q1,630.472,27.547,1.47,7.84,,https://www.sec.gov/Archives/edgar/data/1065280/000106528019000441/a2019regionalreporting.htm
LATAM,2019Q2,677.136,27.89,0.343,8.14,,https://www.sec.gov/Archives/edgar/data/1065280/000106528019000441/a2019regionalreporting.htm
LATAM,2019Q3,741.434,29.38,1.49,8.63,,https://www.sec.gov/Archives/edgar/data/1065280/000106528019000441/a2019regionalreporting.htm
LATAM,2019Q4,746,31.42,2.04,8.18,18,https://www.sec.gov/Archives/edgar/data/1065280/000106528021000037/ex991_q420.htm
LATAM,2020Q1,793,34.32,2.9,8.05,12,https://www.sec.gov/Archives/edgar/data/1065280/000106528021000037/ex991_q420.htm
LATAM,2020Q2,785,36.07,1.75,7.44,13,https://www.sec.gov/Archives/edgar/data/1065280/000106528021000037/ex991_q420.htm
LATAM,2020Q3,789,36.32,0.26,7.27,5,https://www.sec.gov/Archives/edgar/data/1065280/000106528021000037/ex991_q420.htm
LATAM,2020Q4,789,37.54,1.21,7.12,4,https://www.sec.gov/Archives/edgar/data/1065280/000106528021000037/ex991_q420.htm
LATAM,2021Q1,837,37.89,0.36,7.39,5,https://www.sec.gov/Archives/edgar/data/1065280/000106528022000035/ex991_q421.htm
LATAM,2021Q2,861,38.66,0.76,7.5,2,https://www.sec.gov/Archives/edgar/data/1065280/000106528022000035/ex991_q421.htm
LATAM,2021Q3,915,38.99,0.33,7.86,8,https://www.sec.gov/Archives/edgar/data/1065280/000106528022000035/ex991_q421.htm
LATAM,2021Q4,964,39.96,0.97,8.14,17,https://www.sec.gov/Archives/edgar/data/1065280/000106528022000035/ex991_q421.htm
LATAM,2022Q1,999,39.61,-0.35,8.37,20,https://www.sec.gov/Archives/edgar/data/1065280/000106528023000034/ex991_q422.htm
LATAM,2022Q2,1030,39.62,0.01,8.67,15,https://www.sec.gov/Archives/edgar/data/1065280/000106528023000034/ex991_q422.htm
LATAM,2022Q3,1024,39.94,0.31,8.58,16,https://www.sec.gov/Archives/edgar/data/1065280/000106528023000034/ex991_q422.htm
LATAM,2022Q4,1017,41.7,1.76,8.3,7,https://www.sec.gov/Archives/edgar/data/1065280/000106528023000034/ex991_q422.htm
LATAM,2023Q1,1070,41.25,-0.45,8.6,8,https://www.sec.gov/Archives/edgar/data/1065280/000106528024000029/ex991_q423.htm
LATAM,2023Q2,1077,42.47,1.22,8.58,8,https://www.sec.gov/Archives/edgar/data/1065280/000106528024000029/ex991_q423.htm
LATAM,2023Q3,1143,43.65,1.18,8.85,8,https://www.sec.gov/Archives/edgar/data/1065280/000106528024000029/ex991_q423.htm
LATAM,2023Q4,1156,46.0,2.35,8.6,16,https://www.sec.gov/Archives/edgar/data/1065280/000106528024000029/ex991_q423.htm
LATAM,2024Q1,1165,47.72,1.72,8.29,16,https://www.sec.gov/Archives/edgar/data/1065280/000106528025000033/ex991_q424.htm
LATAM,2024Q2,1204,49.25,1.53,8.28,24,https://www.sec.gov/Archives/edgar/data/1065280/000106528025000033/ex991_q424.htm
LATAM,2024Q3,1241,49.18,-0.07,8.4,27,https://www.sec.gov/Archives/edgar/data/1065280/000106528025000033/ex991_q424.htm
LATAM,2024Q4,1230,53.33,4.15,8.0,18,https://www.sec.gov/Archives/edgar/data/1065280/000106528025000033/ex991_q424.htm
LATAM,2025Q1,1262,,,,,https://www.sec.gov/Archives/edgar/data/1065280/000106528026000033/ex991_q425.htm
LATAM,2025Q2,1307,,,,,https://www.sec.gov/Archives/edgar/data/1065280/000106528026000211/ex991_q226.htm
LATAM,2025Q3,1371,,,,,https://www.sec.gov/Archives/edgar/data/1065280/000106528026000211/ex991_q226.htm
LATAM,2025Q4,1418,,,,,https://www.sec.gov/Archives/edgar/data/1065280/000106528026000211/ex991_q226.htm
LATAM,2026Q1,1497,,,,,https://www.sec.gov/Archives/edgar/data/1065280/000106528026000211/ex991_q226.htm
LATAM,2026Q2,1584,,,,,https://www.sec.gov/Archives/edgar/data/1065280/000106528026000211/ex991_q226.htm
APAC,2017Q1,116.339,4.664,0.523,8.81,,https://www.sec.gov/Archives/edgar/data/1065280/000106528019000441/a2019regionalreporting.htm
APAC,2017Q2,131.773,5.254,0.59,8.86,,https://www.sec.gov/Archives/edgar/data/1065280/000106528019000441/a2019regionalreporting.htm
APAC,2017Q3,150.993,5.842,0.588,9.07,,https://www.sec.gov/Archives/edgar/data/1065280/000106528019000441/a2019regionalreporting.htm
APAC,2017Q4,176.823,6.501,0.659,9.55,,https://www.sec.gov/Archives/edgar/data/1065280/000106528019000441/a2019regionalreporting.htm
APAC,2018Q1,199.117,7.394,0.893,9.55,,https://www.sec.gov/Archives/edgar/data/1065280/000106528019000441/a2019regionalreporting.htm
APAC,2018Q2,221.252,8.372,0.978,9.36,,https://www.sec.gov/Archives/edgar/data/1065280/000106528019000441/a2019regionalreporting.htm
APAC,2018Q3,248.691,9.461,1.089,9.3,,https://www.sec.gov/Archives/edgar/data/1065280/000106528019000441/a2019regionalreporting.htm
APAC,2018Q4,276.756,10.607,1.146,9.19,,https://www.sec.gov/Archives/edgar/data/1065280/000106528019000441/a2019regionalreporting.htm
APAC,2019Q1,319.602,12.141,1.534,9.37,,https://www.sec.gov/Archives/edgar/data/1065280/000106528019000441/a2019regionalreporting.htm
APAC,2019Q2,349.494,12.942,0.801,9.29,,https://www.sec.gov/Archives/edgar/data/1065280/000106528019000441/a2019regionalreporting.htm
APAC,2019Q3,382.304,14.485,1.543,9.29,,https://www.sec.gov/Archives/edgar/data/1065280/000106528019000441/a2019regionalreporting.htm
APAC,2019Q4,418,16.23,1.75,9.07,0,https://www.sec.gov/Archives/edgar/data/1065280/000106528021000037/ex991_q420.htm
APAC,2020Q1,484,19.84,3.6,8.94,-3,https://www.sec.gov/Archives/edgar/data/1065280/000106528021000037/ex991_q420.htm
APAC,2020Q2,569,22.49,2.66,8.96,1,https://www.sec.gov/Archives/edgar/data/1065280/000106528021000037/ex991_q420.htm
APAC,2020Q3,635,23.5,1.01,9.2,-1,https://www.sec.gov/Archives/edgar/data/1065280/000106528021000037/ex991_q420.htm
APAC,2020Q4,685,25.49,1.99,9.32,0,https://www.sec.gov/Archives/edgar/data/1065280/000106528021000037/ex991_q420.htm
APAC,2021Q1,762,26.85,1.36,9.71,3,https://www.sec.gov/Archives/edgar/data/1065280/000106528022000035/ex991_q421.htm
APAC,2021Q2,799,27.88,1.02,9.74,1,https://www.sec.gov/Archives/edgar/data/1065280/000106528022000035/ex991_q421.htm
APAC,2021Q3,834,30.05,2.18,9.6,2,https://www.sec.gov/Archives/edgar/data/1065280/000106528022000035/ex991_q421.htm
APAC,2021Q4,871,32.63,2.58,9.26,2,https://www.sec.gov/Archives/edgar/data/1065280/000106528022000035/ex991_q421.htm
APAC,2022Q1,917,33.72,1.09,9.21,1,https://www.sec.gov/Archives/edgar/data/1065280/000106528023000034/ex991_q422.htm
APAC,2022Q2,908,34.8,1.08,8.83,-2,https://www.sec.gov/Archives/edgar/data/1065280/000106528023000034/ex991_q422.htm
APAC,2022Q3,889,36.23,1.43,8.34,-3,https://www.sec.gov/Archives/edgar/data/1065280/000106528023000034/ex991_q422.htm
APAC,2022Q4,857,38.02,1.8,7.69,-4,https://www.sec.gov/Archives/edgar/data/1065280/000106528023000034/ex991_q422.htm
APAC,2023Q1,934,39.48,1.46,8.03,-6,https://www.sec.gov/Archives/edgar/data/1065280/000106528024000029/ex991_q423.htm
APAC,2023Q2,919,40.55,1.07,7.66,-7,https://www.sec.gov/Archives/edgar/data/1065280/000106528024000029/ex991_q423.htm
APAC,2023Q3,948,42.43,1.88,7.62,-6,https://www.sec.gov/Archives/edgar/data/1065280/000106528024000029/ex991_q423.htm
APAC,2023Q4,963,45.34,2.91,7.31,-4,https://www.sec.gov/Archives/edgar/data/1065280/000106528024000029/ex991_q423.htm
APAC,2024Q1,1023,47.5,2.16,7.35,-4,https://www.sec.gov/Archives/edgar/data/1065280/000106528025000033/ex991_q424.htm
APAC,2024Q2,1052,50.32,2.83,7.17,-3,https://www.sec.gov/Archives/edgar/data/1065280/000106528025000033/ex991_q424.htm
APAC,2024Q3,1128,52.6,2.28,7.31,-2,https://www.sec.gov/Archives/edgar/data/1065280/000106528025000033/ex991_q424.htm
APAC,2024Q4,1212,57.54,4.94,7.34,-1,https://www.sec.gov/Archives/edgar/data/1065280/000106528025000033/ex991_q424.htm
APAC,2025Q1,1259,,,,,https://www.sec.gov/Archives/edgar/data/1065280/000106528026000033/ex991_q425.htm
APAC,2025Q2,1305,,,,,https://www.sec.gov/Archives/edgar/data/1065280/000106528026000211/ex991_q226.htm
APAC,2025Q3,1369,,,,,https://www.sec.gov/Archives/edgar/data/1065280/000106528026000211/ex991_q226.htm
APAC,2025Q4,1421,,,,,https://www.sec.gov/Archives/edgar/data/1065280/000106528026000211/ex991_q226.htm
APAC,2026Q1,1509,,,,,https://www.sec.gov/Archives/edgar/data/1065280/000106528026000211/ex991_q226.htm
APAC,2026Q2,1510,,,,,https://www.sec.gov/Archives/edgar/data/1065280/000106528026000211/ex991_q226.htm
