run_id,run_utc,mode,as_of_quarter,model_version,code_sha,data_sha,study_post_n,study_tau,study_se,elasticity_4q,incremental_revenue_musd,monitor_z,running_z_4q,monitor_weights,n_alerts,alert_types
20261007T020730Z-backfill-2022Q4,2026-10-07T02:07:30+00:00,backfill,2022Q4,1.0.0,nogit,41e3b43fe58d,4,-0.139284,0.528291,-0.058678,841.69,-0.9579,0.293,"{""EMEA"": 0.0, ""LATAM"": 0.0, ""APAC"": 0.0593}",0,
20261007T020732Z-backfill-2023Q1,2026-10-07T02:07:32+00:00,backfill,2023Q1,1.0.0,nogit,41e3b43fe58d,4,-0.139284,0.528291,-0.058678,841.69,-0.9536,-0.0622,"{""EMEA"": 0.0, ""LATAM"": 0.0, ""APAC"": 0.1129}",0,
20261007T020734Z-backfill-2023Q2,2026-10-07T02:07:34+00:00,backfill,2023Q2,1.0.0,nogit,41e3b43fe58d,4,-0.139284,0.528291,-0.058678,841.69,-0.6908,-1.3674,"{""EMEA"": 0.0, ""LATAM"": 0.0, ""APAC"": 0.1497}",0,
20261007T020736Z-backfill-2023Q3,2026-10-07T02:07:36+00:00,backfill,2023Q3,1.0.0,nogit,41e3b43fe58d,4,-0.139284,0.528291,-0.058678,841.69,0.5995,-1.0014,"{""EMEA"": 0.0, ""LATAM"": 0.1141, ""APAC"": 0.1149}",0,
20261007T020738Z-backfill-2023Q4,2026-10-07T02:07:38+00:00,backfill,2023Q4,1.0.0,nogit,41e3b43fe58d,4,-0.139284,0.528291,-0.058678,841.69,1.4928,0.224,"{""EMEA"": 0.0, ""LATAM"": 0.2796, ""APAC"": 0.0314}",0,
20261007T020741Z-backfill-2024Q1,2026-10-07T02:07:41+00:00,backfill,2024Q1,1.0.0,nogit,41e3b43fe58d,4,-0.139284,0.528291,-0.058678,841.69,1.6924,1.547,"{""EMEA"": 0.0, ""LATAM"": 0.1303, ""APAC"": 0.0721}",0,
20261007T020743Z-backfill-2024Q2,2026-10-07T02:07:43+00:00,backfill,2024Q2,1.0.0,nogit,41e3b43fe58d,4,-0.139284,0.528291,-0.058678,841.69,-0.2375,1.7736,"{""EMEA"": 0.0123, ""LATAM"": 0.0, ""APAC"": 0.0769}",0,
20261007T020745Z-backfill-2024Q3,2026-10-07T02:07:45+00:00,backfill,2024Q3,1.0.0,nogit,41e3b43fe58d,4,-0.139284,0.528291,-0.058678,841.69,-0.714,1.1169,"{""EMEA"": 0.0055, ""LATAM"": 0.0, ""APAC"": 0.0887}",0,
20261007T020747Z-backfill-2024Q4,2026-10-07T02:07:47+00:00,backfill,2024Q4,1.0.0,nogit,41e3b43fe58d,4,-0.139284,0.528291,-0.058678,841.69,0.599,0.67,"{""EMEA"": 0.0, ""LATAM"": 0.0, ""APAC"": 0.0543}",0,
20261007T020749Z-backfill-2025Q1,2026-10-07T02:07:49+00:00,backfill,2025Q1,1.0.0,nogit,41e3b43fe58d,4,-0.139284,0.528291,-0.058678,841.69,-0.1663,-0.2594,"{""EMEA"": 0.0, ""LATAM"": 0.0, ""APAC"": 0.1045}",0,
20261007T020751Z-backfill-2025Q2,2026-10-07T02:07:51+00:00,backfill,2025Q2,1.0.0,nogit,41e3b43fe58d,4,-0.139284,0.528291,-0.058678,841.69,1.2242,0.4714,"{""EMEA"": 0.0, ""LATAM"": 0.0, ""APAC"": 0.1233}",0,
20261007T020753Z-backfill-2025Q3,2026-10-07T02:07:53+00:00,backfill,2025Q3,1.0.0,nogit,41e3b43fe58d,4,-0.139284,0.528291,-0.058678,841.69,-0.1461,0.7554,"{""EMEA"": 0.3598, ""LATAM"": 0.0, ""APAC"": 0.0}",0,
20261007T020756Z-backfill-2025Q4,2026-10-07T02:07:56+00:00,backfill,2025Q4,1.0.0,nogit,41e3b43fe58d,4,-0.139284,0.528291,-0.058678,841.69,0.6612,0.7865,"{""EMEA"": 0.5383, ""LATAM"": 0.0, ""APAC"": 0.0}",0,
20261007T020758Z-backfill-2026Q1,2026-10-07T02:07:58+00:00,backfill,2026Q1,1.0.0,nogit,41e3b43fe58d,4,-0.139284,0.528291,-0.058678,841.69,-1.5471,0.0961,"{""EMEA"": 0.4729, ""LATAM"": 0.0, ""APAC"": 0.0}",0,
20261007T020800Z-live-2026Q2,2026-10-07T02:08:00+00:00,live,2026Q2,1.0.0,nogit,41e3b43fe58d,4,-0.139284,0.528291,-0.058678,841.69,1.8736,0.4208,"{""EMEA"": 1.35, ""LATAM"": 0.0, ""APAC"": 0.0}",1,model_drift
